{
  "Identifier": "MF_Forklifts",
  "MassPerUnit": 15000.0,
  "FullDamagePrice": 60000.0,
  "EnvironmentDamagePrice": 0.0,
  "CSVLink": "",
  "TranslationDataFull": {
    "Items": [
      {
        "Language": 0,
        "Value": "Forklifts"
      }
    ]
  },
  "TranslationDataShort": {
    "Items": [
      {
        "Language": 0,
        "Value": "Forklifts"
      }
    ]
  },
  "CargoGroups": [
    {
      "CargosIds": [
        "MF_Forklifts"
      ],
      "SourceStations": [
        "MF"
      ],
      "DestinationStations": [
        "GF",
        "FF"
      ]
    }
  ],
  "VanillaTypesToLoad": [
    200
  ],
  "Licenses": [],
  "Properties": {
    "MaxHealth": 8000.0,
    "DamageTolerance": 0.02,
    "DamageMultiplier": 1.0,
    "DamageResistance": 50.0,
    "FireDamageMultiplier": 1.0,
    "FireResistance": 7.5,
    "CargoEffectPools": 0,
    "LeakCurve": -1,
    "LeakProperties": {
      "MaxLeakFlow": 500.0,
      "MinLeakFlow": 100.0,
      "Volatility": 0.0,
      "DissipationRate": 0.0,
      "Density": 0.0
    },
    "Reaction": 0,
    "CustomReactionCurve": {
      "keys": [],
      "length": 0,
      "preWrapMode": 8,
      "postWrapMode": 8
    },
    "ReactionProperties": {
      "Reactivity": -5.0,
      "ReactivityModifierToOthers": 0.0,
      "IgnitionReactivityMin": "Infinity",
      "IgnitionReactivityMax": "Infinity",
      "CriticalVolumeIgnitionMin": "Infinity",
      "CriticalVolumeIgnitionMax": "Infinity",
      "ExplosionDelay": 0.0
    }
  },
  "Author": "Cruzer",
  "Version": "1.0.0",
  "HomePage": "",
  "Repository": "",
  "RequireCCL": false,
  "LocalizationKeyFull": "customcargo/mf_forklifts",
  "LocalizationKeyShort": "customcargo/mf_forklifts_short"
}