{
  "Identifier": "GF_Dynamite",
  "MassPerUnit": 30000.0,
  "FullDamagePrice": 50000.0,
  "EnvironmentDamagePrice": 30000.0,
  "CSVLink": "",
  "TranslationDataFull": {
    "Items": [
      {
        "Language": 0,
        "Value": "Dynamite"
      }
    ]
  },
  "TranslationDataShort": {
    "Items": [
      {
        "Language": 0,
        "Value": "Dynamite"
      }
    ]
  },
  "CargoGroups": [
    {
      "CargosIds": [
        "GF_Dynamite"
      ],
      "SourceStations": [
        "GF"
      ],
      "DestinationStations": [
        "IMW",
        "IME",
        "CM"
      ]
    }
  ],
  "VanillaTypesToLoad": [
    200
  ],
  "Licenses": [
    "Hazmat2"
  ],
  "Properties": {
    "MaxHealth": 8000.0,
    "DamageTolerance": 0.04,
    "DamageMultiplier": 1.0,
    "DamageResistance": 50.0,
    "FireDamageMultiplier": 1.0,
    "FireResistance": 7.5,
    "CargoEffectPools": 512,
    "LeakCurve": -1,
    "LeakProperties": {
      "MaxLeakFlow": 500.0,
      "MinLeakFlow": 100.0,
      "Volatility": 0.0,
      "DissipationRate": 0.0,
      "Density": 0.0
    },
    "Reaction": 2,
    "CustomReactionCurve": {
      "keys": [],
      "length": 0,
      "preWrapMode": 8,
      "postWrapMode": 8
    },
    "ReactionProperties": {
      "Reactivity": -5.0,
      "ReactivityModifierToOthers": 0.0,
      "IgnitionReactivityMin": "Infinity",
      "IgnitionReactivityMax": "Infinity",
      "CriticalVolumeIgnitionMin": "Infinity",
      "CriticalVolumeIgnitionMax": "Infinity",
      "ExplosionDelay": 0.0
    }
  },
  "Author": "",
  "Version": "1.0.0",
  "HomePage": "",
  "Repository": "",
  "RequireCCL": false,
  "LocalizationKeyFull": "customcargo/gf_dynamite",
  "LocalizationKeyShort": "customcargo/gf_dynamite_short"
}