{
  "Identifier": "GF_Cement",
  "MassPerUnit": 19000.0,
  "FullDamagePrice": 30000.0,
  "EnvironmentDamagePrice": 0.0,
  "Licenses": [
    0
  ],
  "CSVLink": "",
  "TranslationDataFull": {
    "Items": [
      {
        "Language": 0,
        "Value": "Cement"
      }
    ]
  },
  "TranslationDataShort": {
    "Items": [
      {
        "Language": 0,
        "Value": "Cement"
      }
    ]
  },
  "SourceStations": [
    "MF"
  ],
  "DestinationStations": [
    "CSW",
    "HB",
    "IMW",
    "IME"
  ],
  "CargoGroups": [
    {
      "CargosIds": [
        "GF_Cement"
      ]
    }
  ],
  "VanillaTypesToLoad": [
    200
  ],
  "Author": "",
  "Version": "1.0.0",
  "HomePage": "",
  "Repository": "",
  "LocalizationKeyFull": "customcargo/gf_cement",
  "LocalizationKeyShort": "customcargo/gf_cement_short"
}