{
  "Identifier": "OW_Bitumen",
  "MassPerUnit": 60000.0,
  "FullDamagePrice": 50000.0,
  "EnvironmentDamagePrice": 15000.0,
  "CSVLink": "",
  "TranslationDataFull": {
    "Items": [
      {
        "Language": 0,
        "Value": "Bitumen"
      }
    ]
  },
  "TranslationDataShort": {
    "Items": [
      {
        "Language": 0,
        "Value": "Bitumen"
      }
    ]
  },
  "CargoGroups": [
    {
      "CargosIds": [
        "OW_Bitumen"
      ],
      "SourceStations": [
        "OWC",
        "OWN"
      ],
      "DestinationStations": [
        "GF"
      ]
    }
  ],
  "VanillaTypesToLoad": [
    301
  ],
  "Licenses": [],
  "Properties": {
    "MaxHealth": 8000.0,
    "DamageTolerance": 0.35,
    "DamageMultiplier": 1.0,
    "DamageResistance": 50.0,
    "FireDamageMultiplier": 1.0,
    "FireResistance": 7.5,
    "CargoEffectPools": 7,
    "LeakCurve": 1,
    "LeakProperties": {
      "MaxLeakFlow": 200.0,
      "MinLeakFlow": 100.0,
      "Volatility": 0.0,
      "DissipationRate": 0.0,
      "Density": 0.0
    },
    "Reaction": 0,
    "CustomReactionCurve": {
      "keys": [],
      "length": 0,
      "preWrapMode": 8,
      "postWrapMode": 8
    },
    "ReactionProperties": {
      "Reactivity": -5.0,
      "ReactivityModifierToOthers": 0.0,
      "IgnitionReactivityMin": "Infinity",
      "IgnitionReactivityMax": "Infinity",
      "CriticalVolumeIgnitionMin": "Infinity",
      "CriticalVolumeIgnitionMax": "Infinity",
      "ExplosionDelay": 0.0
    }
  },
  "Author": "",
  "Version": "1.0.0",
  "HomePage": "",
  "Repository": "",
  "RequireCCL": false,
  "LocalizationKeyFull": "customcargo/ow_bitumen",
  "LocalizationKeyShort": "customcargo/ow_bitumen_short"
}