{
  "Identifier": "OW_Bitumen",
  "MassPerUnit": 1000.0,
  "FullDamagePrice": 10000.0,
  "EnvironmentDamagePrice": 0.0,
  "Licenses": [
    0
  ],
  "CSVLink": "",
  "TranslationDataFull": {
    "Items": [
      {
        "Language": 0,
        "Value": "Bitumen"
      }
    ]
  },
  "TranslationDataShort": {
    "Items": [
      {
        "Language": 0,
        "Value": "Bitumen"
      }
    ]
  },
  "SourceStations": [
    "OWC",
    "OWN"
  ],
  "DestinationStations": [
    "GF"
  ],
  "CargoGroups": [
    {
      "CargosIds": [
        "OW_Bitumen"
      ]
    }
  ],
  "VanillaTypesToLoad": [
    305
  ],
  "Author": "",
  "Version": "1.0.0",
  "HomePage": "",
  "Repository": "",
  "LocalizationKeyFull": "customcargo/ow_bitumen",
  "LocalizationKeyShort": "customcargo/ow_bitumen_short"
}