{
  "Identifier": "MF_LocoBogies",
  "MassPerUnit": 40000.0,
  "FullDamagePrice": 100000.0,
  "EnvironmentDamagePrice": 0.0,
  "CSVLink": "",
  "TranslationDataFull": {
    "Items": [
      {
        "Language": 0,
        "Value": "Locomotive Bogies"
      }
    ]
  },
  "TranslationDataShort": {
    "Items": [
      {
        "Language": 0,
        "Value": "Locomotive Bogies"
      }
    ]
  },
  "CargoGroups": [
    {
      "CargosIds": [
        "MF_LocoBogies"
      ],
      "SourceStations": [
        "MF"
      ],
      "DestinationStations": [
        "HB"
      ]
    }
  ],
  "VanillaTypesToLoad": [
    200
  ],
  "Licenses": [],
  "Properties": {
    "MaxHealth": 8000.0,
    "DamageTolerance": 0.04,
    "DamageMultiplier": 1.0,
    "DamageResistance": 50.0,
    "FireDamageMultiplier": 1.0,
    "FireResistance": 7.5,
    "CargoEffectPools": 0,
    "LeakCurve": -1,
    "LeakProperties": {
      "MaxLeakFlow": 500.0,
      "MinLeakFlow": 100.0,
      "Volatility": 0.0,
      "DissipationRate": 0.0,
      "Density": 0.0
    },
    "Reaction": 0,
    "CustomReactionCurve": {
      "keys": [],
      "length": 0,
      "preWrapMode": 8,
      "postWrapMode": 8
    },
    "ReactionProperties": {
      "Reactivity": -5.0,
      "ReactivityModifierToOthers": 0.0,
      "IgnitionReactivityMin": "Infinity",
      "IgnitionReactivityMax": "Infinity",
      "CriticalVolumeIgnitionMin": "Infinity",
      "CriticalVolumeIgnitionMax": "Infinity",
      "ExplosionDelay": 0.0
    }
  },
  "Author": "Cruzer",
  "Version": "1.0.0",
  "HomePage": "",
  "Repository": "",
  "RequireCCL": false,
  "LocalizationKeyFull": "customcargo/mf_locobogies",
  "LocalizationKeyShort": "customcargo/mf_locobogies_short"
}