{
  "Identifier": "MF_LocoBogies",
  "MassPerUnit": 40000.0,
  "FullDamagePrice": 100000.0,
  "EnvironmentDamagePrice": 0.0,
  "Licenses": [
    0
  ],
  "CSVLink": "",
  "TranslationDataFull": {
    "Items": [
      {
        "Language": 0,
        "Value": "Locomotive Bogies"
      }
    ]
  },
  "TranslationDataShort": {
    "Items": [
      {
        "Language": 0,
        "Value": "Locomotive Bogies"
      }
    ]
  },
  "SourceStations": [
    "MF"
  ],
  "DestinationStations": [
    "HB"
  ],
  "CargoGroups": [
    {
      "CargosIds": [
        "MF_LocoBogies"
      ]
    }
  ],
  "VanillaTypesToLoad": [
    200
  ],
  "Author": "Cruzer",
  "Version": "1.0.0",
  "HomePage": "",
  "Repository": "",
  "LocalizationKeyFull": "customcargo/mf_locobogies",
  "LocalizationKeyShort": "customcargo/mf_locobogies_short"
}