{
  "Identifier": "FF_WaterJug",
  "MassPerUnit": 18000.0,
  "FullDamagePrice": 16000.0,
  "EnvironmentDamagePrice": 0.0,
  "Licenses": [
    0
  ],
  "CSVLink": "",
  "TranslationDataFull": {
    "Items": [
      {
        "Language": 0,
        "Value": "Mineral Water"
      }
    ]
  },
  "TranslationDataShort": {
    "Items": [
      {
        "Language": 0,
        "Value": "Mineral Water"
      }
    ]
  },
  "SourceStations": [
    "FF"
  ],
  "DestinationStations": [
    "MF",
    "CSW",
    "GF",
    "HB"
  ],
  "CargoGroups": [
    {
      "CargosIds": [
        "FF_WaterJug"
      ]
    }
  ],
  "VanillaTypesToLoad": [
    200
  ],
  "Author": "Cruzer",
  "Version": "1.0.0",
  "HomePage": "",
  "Repository": "",
  "LocalizationKeyFull": "customcargo/ff_waterjug",
  "LocalizationKeyShort": "customcargo/ff_waterjug_short"
}