{
  "Identifier": "HB_Bromine",
  "MassPerUnit": 50000.0,
  "FullDamagePrice": 150000.0,
  "EnvironmentDamagePrice": 65000.0,
  "CSVLink": "",
  "TranslationDataFull": {
    "Items": [
      {
        "Language": 0,
        "Value": "Bromine"
      }
    ]
  },
  "TranslationDataShort": {
    "Items": [
      {
        "Language": 0,
        "Value": "Bromine"
      }
    ]
  },
  "CargoGroups": [
    {
      "CargosIds": [
        "HB_Bromine"
      ],
      "SourceStations": [
        "HB"
      ],
      "DestinationStations": [
        "GF"
      ]
    }
  ],
  "VanillaTypesToLoad": [
    200
  ],
  "Licenses": [
    "Hazmat2"
  ],
  "Properties": {
    "MaxHealth": 8000.0,
    "DamageTolerance": 0.35,
    "DamageMultiplier": 1.0,
    "DamageResistance": 50.0,
    "FireDamageMultiplier": 1.0,
    "FireResistance": 7.5,
    "CargoEffectPools": 10,
    "LeakCurve": 1,
    "LeakProperties": {
      "MaxLeakFlow": 500.0,
      "MinLeakFlow": 100.0,
      "Volatility": 0.0,
      "DissipationRate": 0.0,
      "Density": 0.0
    },
    "Reaction": 6,
    "CustomReactionCurve": {
      "keys": [
        {
          "time": 0.0,
          "value": 0.5,
          "inTangent": 0.0,
          "outTangent": 0.0,
          "inWeight": 0.0,
          "outWeight": 0.333333343,
          "weightedMode": 0,
          "tangentMode": 34
        },
        {
          "time": 1.0,
          "value": 0.5,
          "inTangent": 0.0,
          "outTangent": 0.0,
          "inWeight": 0.333333343,
          "outWeight": 0.0,
          "weightedMode": 0,
          "tangentMode": 34
        }
      ],
      "length": 2,
      "preWrapMode": 8,
      "postWrapMode": 8
    },
    "ReactionProperties": {
      "Reactivity": -5.0,
      "ReactivityModifierToOthers": 0.0,
      "IgnitionReactivityMin": "Infinity",
      "IgnitionReactivityMax": "Infinity",
      "CriticalVolumeIgnitionMin": "Infinity",
      "CriticalVolumeIgnitionMax": "Infinity",
      "ExplosionDelay": 0.0
    }
  },
  "Author": "",
  "Version": "1.0.0",
  "HomePage": "",
  "Repository": "",
  "RequireCCL": false,
  "LocalizationKeyFull": "customcargo/hb_bromine",
  "LocalizationKeyShort": "customcargo/hb_bromine_short"
}