{
  "Identifier": "MF_NewLocos",
  "MassPerUnit": 48000.0,
  "FullDamagePrice": 10000.0,
  "EnvironmentDamagePrice": 0.0,
  "Licenses": [
    0
  ],
  "CSVLink": "",
  "TranslationDataFull": {
    "Items": [
      {
        "Language": 0,
        "Value": "New Locomotives"
      }
    ]
  },
  "TranslationDataShort": {
    "Items": [
      {
        "Language": 0,
        "Value": "New Locomotives"
      }
    ]
  },
  "SourceStations": [
    "MF"
  ],
  "DestinationStations": [
    "HB"
  ],
  "CargoGroups": [
    {
      "CargosIds": [
        "MF_NewLocos"
      ]
    }
  ],
  "VanillaTypesToLoad": [
    200
  ],
  "Author": "",
  "Version": "1.0.0",
  "HomePage": "",
  "Repository": "",
  "LocalizationKeyFull": "customcargo/mf_newlocos",
  "LocalizationKeyShort": "customcargo/mf_newlocos_short"
}