{
  "Identifier": "MF_Forklifts",
  "MassPerUnit": 12300.0,
  "FullDamagePrice": 50000.0,
  "EnvironmentDamagePrice": 0.0,
  "Licenses": [
    0
  ],
  "CSVLink": "",
  "TranslationDataFull": {
    "Items": [
      {
        "Language": 0,
        "Value": "Forklifts"
      }
    ]
  },
  "TranslationDataShort": {
    "Items": [
      {
        "Language": 0,
        "Value": "Forklifts"
      }
    ]
  },
  "SourceStations": [
    "MF"
  ],
  "DestinationStations": [
    "FF",
    "GF"
  ],
  "CargoGroups": [
    {
      "CargosIds": [
        "MF_Forklifts"
      ]
    }
  ],
  "VanillaTypesToLoad": [
    200
  ],
  "Author": "Cruzer",
  "Version": "1.0.0",
  "HomePage": "",
  "Repository": "",
  "LocalizationKeyFull": "customcargo/mf_forklifts",
  "LocalizationKeyShort": "customcargo/mf_forklifts_short"
}